movie,url,year,imdb,metascore,votes,certificate,runtime,genres,description,director,stars,revenue
The Dark Knight,https://www.imdb.com/title/tt0468569/,2008,9.0,84,2557942,PG-13,152 min,"Action, Crime, Drama            ","When the menace known as the Joker wreaks havoc and chaos on the people of Gotham, Batman must accept one of the greatest psychological and physical tests of his ability to fight injustice.",Christopher Nolan,"Christian Bale, Heath Ledger, Aaron Eckhart, Michael Caine","534,858,444"
Inception,https://www.imdb.com/title/tt1375666/,2010,8.8,74,2270526,PG-13,148 min,"Action, Adventure, Sci-Fi            ","A thief who steals corporate secrets through the use of dream-sharing technology is given the inverse task of planting an idea into the mind of a C.E.O., but his tragic past may doom the project and his team to disaster.",Christopher Nolan,"Leonardo DiCaprio, Joseph Gordon-Levitt, Elliot Page, Ken Watanabe","292,576,195"
The Prestige,https://www.imdb.com/title/tt0482571/,2006,8.5,66,1294134,PG-13,130 min,"Drama, Mystery, Thriller            ","After a tragic accident, two stage magicians in 1890s London engage in a battle to create the ultimate illusion while sacrificing everything they have to outwit each other.",Christopher Nolan,"Christian Bale, Hugh Jackman, Scarlett Johansson, Michael Caine","53,089,891"
The Departed,https://www.imdb.com/title/tt0407887/,2006,8.5,85,1286265,R,151 min,"Crime, Drama, Thriller            ",An undercover cop and a mole in the police attempt to identify each other while infiltrating an Irish gang in South Boston.,Martin Scorsese,"Leonardo DiCaprio, Matt Damon, Jack Nicholson, Mark Wahlberg","132,384,315"
Shutter Island,https://www.imdb.com/title/tt1130884/,2010,8.2,63,1258622,R,138 min,"Mystery, Thriller            ","In 1954, a U.S. Marshal investigates the disappearance of a murderer who escaped from a hospital for the criminally insane.",Martin Scorsese,"Leonardo DiCaprio, Emily Mortimer, Mark Ruffalo, Ben Kingsley","128,012,934"
Memento,https://www.imdb.com/title/tt0209144/,2000,8.4,80,1207458,R,113 min,"Mystery, Thriller            ",A man with short-term memory loss attempts to track down his wife's murderer.,Christopher Nolan,"Guy Pearce, Carrie-Anne Moss, Joe Pantoliano, Mark Boone Junior","25,544,867"
Joker,https://www.imdb.com/title/tt7286456/,2019,8.4,59,1192410,R,122 min,"Crime, Drama, Thriller            ",A mentally troubled stand-up comedian embarks on a downward spiral that leads to the creation of an iconic villain.,Todd Phillips,"Joaquin Phoenix, Robert De Niro, Zazie Beetz, Frances Conroy","335,451,311"
V for Vendetta,https://www.imdb.com/title/tt0434409/,2005,8.2,62,1099253,R,132 min,"Action, Drama, Sci-Fi            ","In a future British dystopian society, a shadowy freedom fighter, known only by the alias of ""V"", plots to overthrow the tyrannical government - with the help of a young woman.",James McTeigue,"Hugo Weaving, Natalie Portman, Rupert Graves, Stephen Rea","70,511,035"
Kill Bill: Vol. 1,https://www.imdb.com/title/tt0266697/,2003,8.2,69,1084325,R,111 min,"Action, Crime, Drama            ","After awakening from a four-year coma, a former assassin wreaks vengeance on the team of assassins who betrayed her.",Quentin Tarantino,"Uma Thurman, David Carradine, Daryl Hannah, Michael Madsen","70,099,045"
Mad Max: Fury Road,https://www.imdb.com/title/tt1392190/,2015,8.1,90,969495,R,120 min,"Action, Adventure, Sci-Fi            ","In a post-apocalyptic wasteland, a woman rebels against a tyrannical ruler in search for her homeland with the aid of a group of female prisoners, a psychotic worshiper, and a drifter named Max.",George Miller,"Tom Hardy, Charlize Theron, Nicholas Hoult, Zoë Kravitz","154,058,340"
Gone Girl,https://www.imdb.com/title/tt2267998/,2014,8.1,79,951726,R,149 min,"Drama, Mystery, Thriller            ","With his wife's disappearance having become the focus of an intense media circus, a man sees the spotlight turned on him when it's suspected that he may not be innocent.",David Fincher,"Ben Affleck, Rosamund Pike, Neil Patrick Harris, Tyler Perry","167,767,189"
No Country for Old Men,https://www.imdb.com/title/tt0477348/,2007,8.2,92,941877,R,122 min,"Crime, Drama, Thriller            ",Violence and mayhem ensue after a hunter stumbles upon a drug deal gone wrong and more than two million dollars in cash near the Rio Grande.,None,"Tommy Lee Jones, Javier Bardem, Josh Brolin, Woody Harrelson","74,283,625"
Captain America: The Winter Soldier,https://www.imdb.com/title/tt1843866/,2014,7.8,70,816895,PG-13,136 min,"Action, Adventure, Sci-Fi            ","As Steve Rogers struggles to embrace his role in the modern world, he teams up with a fellow Avenger and S.H.I.E.L.D agent, Black Widow, to battle a new threat from history: an assassin known as the Winter Soldier.",None,"Chris Evans, Samuel L. Jackson, Scarlett Johansson, Robert Redford","259,766,572"
Gravity,https://www.imdb.com/title/tt1454468/,2013,7.7,96,812028,PG-13,91 min,"Action, Drama, Sci-Fi            ",Two astronauts work together to survive after an accident leaves them stranded in space.,Alfonso Cuarón,"Sandra Bullock, George Clooney, Ed Harris, Orto Ignatiussen","274,092,705"
Donnie Darko,https://www.imdb.com/title/tt0246578/,2001,8.0,88,784199,R,113 min,"Drama, Mystery, Sci-Fi            ","After narrowly escaping a bizarre accident, a troubled teenager is plagued by visions of a man in a large rabbit suit who manipulates him to commit a series of crimes.",Richard Kelly,"Jake Gyllenhaal, Jena Malone, Mary McDonnell, Holmes Osborne","1,480,006"
Sin City,https://www.imdb.com/title/tt0401792/,2005,8.0,74,760472,R,124 min,"Crime, Thriller            ","An exploration of the dark and miserable Basin City and three of its residents, all of whom are caught up in violent corruption.",None,"Mickey Rourke, Clive Owen, Bruce Willis, Jessica Alba","74,103,820"
The Imitation Game,https://www.imdb.com/title/tt2084970/,2014,8.0,71,749365,PG-13,114 min,"Biography, Drama, Thriller            ","During World War II, the English mathematical genius Alan Turing tries to crack the German Enigma code with help from fellow mathematicians while attempting to come to terms with his troubled private life.",Morten Tyldum,"Benedict Cumberbatch, Keira Knightley, Matthew Goode, Allen Leech","91,125,683"
Black Swan,https://www.imdb.com/title/tt0947798/,2010,8.0,79,746399,R,108 min,"Drama, Thriller            ","A committed dancer struggles to maintain her sanity after winning the lead role in a production of Tchaikovsky's ""Swan Lake"".",Darren Aronofsky,"Natalie Portman, Mila Kunis, Vincent Cassel, Winona Ryder","106,954,678"
Parasite,https://www.imdb.com/title/tt6751668/,2019,8.5,96,743592,R,132 min,"Comedy, Drama, Thriller            ",Greed and class discrimination threaten the newly formed symbiotic relationship between the wealthy Park family and the destitute Kim clan.,Bong Joon Ho,"Kang-ho Song, Sun-kyun Lee, Yeo-jeong Cho, Choi Woo-sik","53,367,844"
Kill Bill: Vol. 2,https://www.imdb.com/title/tt0378194/,2004,8.0,83,737349,R,137 min,"Action, Crime, Thriller            ","The Bride continues her quest of vengeance against her former boss and lover Bill, the reclusive bouncer Budd, and the treacherous, one-eyed Elle.",Quentin Tarantino,"Uma Thurman, David Carradine, Michael Madsen, Daryl Hannah","66,208,183"
Logan,https://www.imdb.com/title/tt3315342/,2017,8.1,77,729919,R,137 min,"Action, Drama, Sci-Fi            ","In a future where mutants are nearly extinct, an elderly and weary Logan leads a quiet life. But when Laura, a mutant child pursued by scientists, comes to him for help, he must get her to safety.",James Mangold,"Hugh Jackman, Patrick Stewart, Dafne Keen, Boyd Holbrook","226,277,068"
X-Men: Days of Future Past,https://www.imdb.com/title/tt1877832/,2014,8.0,75,698554,PG-13,132 min,"Action, Adventure, Sci-Fi            ",The X-Men send Wolverine to the past in a desperate effort to change history and prevent an event that results in doom for both humans and mutants.,Bryan Singer,"Patrick Stewart, Ian McKellen, Hugh Jackman, James McAvoy","233,921,534"
Skyfall,https://www.imdb.com/title/tt1074638/,2012,7.8,81,685111,PG-13,143 min,"Action, Adventure, Thriller            ","James Bond's loyalty to M is tested when her past comes back to haunt her. When MI6 comes under attack, 007 must track down and destroy the threat, no matter how personal the cost.",Sam Mendes,"Daniel Craig, Javier Bardem, Naomie Harris, Judi Dench","304,360,277"
Prisoners,https://www.imdb.com/title/tt1392214/,2013,8.1,70,680378,R,153 min,"Crime, Drama, Mystery            ","When Keller Dover's daughter and her friend go missing, he takes matters into his own hands as the police pursue multiple leads and the pressure mounts.",Denis Villeneuve,"Hugh Jackman, Jake Gyllenhaal, Viola Davis, Melissa Leo","61,002,302"
District 9,https://www.imdb.com/title/tt1136608/,2009,7.9,81,670705,R,112 min,"Action, Sci-Fi, Thriller            ",Violence ensues after an extraterrestrial race forced to live in slum-like conditions on Earth finds a kindred spirit in a government agent exposed to their biotechnology.,Neill Blomkamp,"Sharlto Copley, David James, Jason Cope, Nathalie Boltt","115,646,235"
Kingsman: The Secret Service,https://www.imdb.com/title/tt2802144/,2014,7.7,60,652533,R,129 min,"Action, Adventure, Comedy            ","A spy organisation recruits a promising street kid into the agency's training program, while a global threat emerges from a twisted tech genius.",Matthew Vaughn,"Colin Firth, Taron Egerton, Samuel L. Jackson, Michael Caine","128,261,724"
The Hunger Games: Catching Fire,https://www.imdb.com/title/tt1951264/,2013,7.5,76,651374,PG-13,146 min,"Action, Adventure, Drama            ",Katniss Everdeen and Peeta Mellark become targets of the Capitol after their victory in the 74th Hunger Games sparks a rebellion in the Districts of Panem.,Francis Lawrence,"Jennifer Lawrence, Josh Hutcherson, Liam Hemsworth, Philip Seymour Hoffman","424,668,047"
Casino Royale,https://www.imdb.com/title/tt0381061/,2006,8.0,80,644734,PG-13,144 min,"Action, Adventure, Thriller            ","After earning 00 status and a licence to kill, secret agent James Bond sets out on his first mission as 007. Bond must defeat a private banker funding terrorists in a high-stakes game of poker at Casino Royale, Montenegro.",Martin Campbell,"Daniel Craig, Eva Green, Judi Dench, Jeffrey Wright","167,445,960"
Dunkirk,https://www.imdb.com/title/tt5013056/,2017,7.8,94,632633,PG-13,106 min,"Action, Drama, History            ","Allied soldiers from Belgium, the British Commonwealth and Empire, and France are surrounded by the German Army and evacuated during a fierce battle in World War II.",Christopher Nolan,"Fionn Whitehead, Barry Keoghan, Mark Rylance, Tom Hardy","188,373,161"
The Bourne Ultimatum,https://www.imdb.com/title/tt0440963/,2007,8.0,85,627583,PG-13,115 min,"Action, Mystery, Thriller            ",Jason Bourne dodges a ruthless C.I.A. official and his Agents from a new assassination program while searching for the origins of his life as a trained killer.,Paul Greengrass,"Matt Damon, Edgar Ramírez, Joan Allen, Julia Stiles","227,471,070"
Argo,https://www.imdb.com/title/tt1024648/,2012,7.7,86,605948,R,120 min,"Biography, Drama, Thriller            ","Acting under the cover of a Hollywood producer scouting a location for a science fiction film, a CIA agent launches a dangerous operation to rescue six Americans in Tehran during the U.S. hostage crisis in Iran in 1979.",Ben Affleck,"Ben Affleck, Bryan Cranston, John Goodman, Alan Arkin","136,025,503"
Taken,https://www.imdb.com/title/tt0936501/,2008,7.8,51,593671,PG-13,90 min,"Action, Crime, Thriller            ","A retired CIA agent travels across Europe and relies on his old skills to save his estranged daughter, who has been kidnapped while on a trip to Paris.",Pierre Morel,"Liam Neeson, Maggie Grace, Famke Janssen, Leland Orser","145,000,989"
Knives Out,https://www.imdb.com/title/tt8946378/,2019,7.9,82,590139,PG-13,130 min,"Comedy, Crime, Drama            ","A detective investigates the death of the patriarch of an eccentric, combative family.",Rian Johnson,"Daniel Craig, Chris Evans, Ana de Armas, Jamie Lee Curtis","165,359,751"
The Hateful Eight,https://www.imdb.com/title/tt3460252/,2015,7.8,68,578766,R,168 min,"Crime, Drama, Mystery            ","In the dead of a Wyoming winter, a bounty hunter and his prisoner find shelter in a cabin currently inhabited by a collection of nefarious characters.",Quentin Tarantino,"Samuel L. Jackson, Kurt Russell, Jennifer Jason Leigh, Walton Goggins","54,117,416"
Oldboy,https://www.imdb.com/title/tt0364569/,2003,8.4,77,562121,R,120 min,"Action, Drama, Mystery            ","After being kidnapped and imprisoned for fifteen years, Oh Dae-Su is released, only to find that he must find his captor in five days.",Park Chan-wook,"Choi Min-sik, Yoo Ji-Tae, Kang Hye-jeong, Kim Byeong-Ok","707,481"
Get Out,https://www.imdb.com/title/tt5052448/,2017,7.7,85,561341,R,104 min,"Horror, Mystery, Thriller            ","A young African-American visits his white girlfriend's parents for the weekend, where his simmering uneasiness about their reception of him eventually reaches a boiling point.",Jordan Peele,"Daniel Kaluuya, Allison Williams, Bradley Whitford, Catherine Keener","176,040,665"
Ocean's Eleven,https://www.imdb.com/title/tt0240772/,2001,7.7,74,558516,PG-13,116 min,"Crime, Thriller            ",Danny Ocean and his ten accomplices plan to rob three Las Vegas casinos simultaneously.,Steven Soderbergh,"George Clooney, Brad Pitt, Julia Roberts, Matt Damon","183,417,150"
Blade Runner 2049,https://www.imdb.com/title/tt1856101/,2017,8.0,81,540646,R,164 min,"Action, Drama, Mystery            ","Young Blade Runner K's discovery of a long-buried secret leads him to track down former Blade Runner Rick Deckard, who's been missing for thirty years.",Denis Villeneuve,"Harrison Ford, Ryan Gosling, Ana de Armas, Dave Bautista","92,054,159"
Minority Report,https://www.imdb.com/title/tt0181689/,2002,7.7,80,540193,PG-13,145 min,"Action, Crime, Mystery            ","In a future where a special police unit is able to arrest murderers before they commit their crimes, an officer from that unit is himself accused of a future murder.",Steven Spielberg,"Tom Cruise, Colin Farrell, Samantha Morton, Max von Sydow","132,072,926"
The Bourne Identity,https://www.imdb.com/title/tt0258463/,2002,7.9,68,538480,PG-13,119 min,"Action, Mystery, Thriller            ","A man is picked up by a fishing boat, bullet-riddled and suffering from amnesia, before racing to elude assassins and attempting to regain his memory.",Doug Liman,"Franka Potente, Matt Damon, Chris Cooper, Clive Owen","121,661,683"
Blood Diamond,https://www.imdb.com/title/tt0450259/,2006,8.0,64,537161,R,143 min,"Adventure, Drama, Thriller            ","A fisherman, a smuggler, and a syndicate of businessmen match wits over the possession of a priceless diamond.",Edward Zwick,"Leonardo DiCaprio, Djimon Hounsou, Jennifer Connelly, Kagiso Kuypers","57,366,262"
Ex Machina,https://www.imdb.com/title/tt0470752/,2014,7.7,78,527359,R,108 min,"Drama, Sci-Fi, Thriller            ",A young programmer is selected to participate in a ground-breaking experiment in synthetic intelligence by evaluating the human qualities of a highly advanced humanoid A.I.,Alex Garland,"Alicia Vikander, Domhnall Gleeson, Oscar Isaac, Sonoya Mizuno","25,442,958"
Zodiac,https://www.imdb.com/title/tt0443706/,2007,7.7,78,524354,R,157 min,"Crime, Drama, Mystery            ","Between 1968 and 1983, a San Francisco cartoonist becomes an amateur detective obsessed with tracking down the Zodiac Killer, an unidentified individual who terrorizes Northern California with a killing spree.",David Fincher,"Jake Gyllenhaal, Robert Downey Jr., Mark Ruffalo, Anthony Edwards","33,080,084"
Nightcrawler,https://www.imdb.com/title/tt2872718/,2014,7.8,76,524350,R,117 min,"Crime, Drama, Thriller            ","When Louis Bloom, a con man desperate for work, muscles into the world of L.A. crime journalism, he blurs the line between observer and participant to become the star of his own story.",Dan Gilroy,"Jake Gyllenhaal, Rene Russo, Bill Paxton, Riz Ahmed","32,381,218"
Rise of the Planet of the Apes,https://www.imdb.com/title/tt1318514/,2011,7.6,68,520000,PG-13,105 min,"Action, Drama, Sci-Fi            ",A substance designed to help the brain repair itself gives advanced intelligence to a chimpanzee who leads an ape uprising.,Rupert Wyatt,"James Franco, Andy Serkis, Freida Pinto, Karin Konoval","176,760,185"
Baby Driver,https://www.imdb.com/title/tt3890160/,2017,7.6,86,512622,R,113 min,"Action, Crime, Drama            ","After being coerced into working for a crime boss, a young getaway driver finds himself taking part in a heist doomed to fail.",Edgar Wright,"Ansel Elgort, Jon Bernthal, Jon Hamm, Eiza González","107,825,862"
Source Code,https://www.imdb.com/title/tt0945513/,2011,7.5,74,511790,PG-13,93 min,"Action, Drama, Mystery            ",A soldier wakes up in someone else's body and discovers he's part of an experimental government program to find the bomber of a commuter train within 8 minutes.,Duncan Jones,"Jake Gyllenhaal, Michelle Monaghan, Vera Farmiga, Jeffrey Wright","54,712,227"
Hot Fuzz,https://www.imdb.com/title/tt0425112/,2007,7.8,81,496163,R,121 min,"Action, Comedy, Mystery            ","A skilled London police officer, after irritating superiors with his embarrassing effectiveness, is transferred to a village where the easygoing officers object to his fervor for regulations, as a string of grisly murders strikes the town.",Edgar Wright,"Simon Pegg, Nick Frost, Martin Freeman, Bill Nighy","23,637,265"
Children of Men,https://www.imdb.com/title/tt0206634/,2006,7.9,84,492181,R,109 min,"Action, Drama, Sci-Fi            ","In 2027, in a chaotic world in which women have somehow become infertile, a former activist agrees to help transport a miraculously pregnant woman to a sanctuary at sea.",Alfonso Cuarón,"Julianne Moore, Clive Owen, Chiwetel Ejiofor, Michael Caine","35,552,383"
The Conjuring,https://www.imdb.com/title/tt1457767/,2013,7.5,68,491416,R,112 min,"Horror, Mystery, Thriller            ",Paranormal investigators Ed and Lorraine Warren work to help a family terrorized by a dark presence in their farmhouse.,James Wan,"Patrick Wilson, Vera Farmiga, Ron Livingston, Lili Taylor","137,400,141"
The Butterfly Effect,https://www.imdb.com/title/tt0289879/,2004,7.6,30,480637,R,113 min,"Drama, Sci-Fi, Thriller            ","Evan Treborn suffers blackouts during significant events of his life. As he grows up, he finds a way to remember these lost memories and a supernatural way to alter his life by reading his journal.",None,"Ashton Kutcher, Amy Smart, Melora Walters, Elden Henson","57,938,693"
The Bourne Supremacy,https://www.imdb.com/title/tt0372183/,2004,7.7,73,457343,PG-13,108 min,"Action, Mystery, Thriller            ","When Jason Bourne is framed for a CIA operation gone awry, he is forced to resume his former life as a trained assassin to survive.",Paul Greengrass,"Matt Damon, Franka Potente, Joan Allen, Brian Cox","176,241,941"
The Girl with the Dragon Tattoo,https://www.imdb.com/title/tt1568346/,2011,7.8,71,455529,R,158 min,"Crime, Drama, Mystery            ","Journalist Mikael Blomkvist is aided in his search for a woman who has been missing for forty years by Lisbeth Salander, a young computer hacker.",David Fincher,"Daniel Craig, Rooney Mara, Christopher Plummer, Stellan Skarsgård","102,515,793"
Captain Phillips,https://www.imdb.com/title/tt1535109/,2013,7.8,82,451210,PG-13,134 min,"Action, Biography, Crime            ","The true story of Captain Richard Phillips and the 2009 hijacking by Somali pirates of the U.S.-flagged MV Maersk Alabama, the first American cargo ship to be hijacked in two hundred years.",Paul Greengrass,"Tom Hanks, Barkhad Abdi, Barkhad Abdirahman, Catherine Keener","107,100,855"
Mystic River,https://www.imdb.com/title/tt0327056/,2003,7.9,84,449052,R,138 min,"Crime, Drama, Mystery            ",The lives of three men who were childhood friends are shattered when one of them has a family tragedy.,Clint Eastwood,"Sean Penn, Tim Robbins, Kevin Bacon, Emmy Rossum","90,135,191"
The Hurt Locker,https://www.imdb.com/title/tt0887912/,2008,7.5,95,444831,R,131 min,"Drama, Thriller, War            ","During the Iraq War, a Sergeant recently assigned to an army bomb squad is put at odds with his squad mates due to his maverick way of handling his work.",Kathryn Bigelow,"Jeremy Renner, Anthony Mackie, Brian Geraghty, Guy Pearce","17,017,811"
Dawn of the Planet of the Apes,https://www.imdb.com/title/tt2103281/,2014,7.6,79,434034,PG-13,130 min,"Action, Adventure, Drama            ",A growing nation of genetically evolved apes led by Caesar is threatened by a band of human survivors of the devastating virus unleashed a decade earlier.,Matt Reeves,"Gary Oldman, Keri Russell, Andy Serkis, Kodi Smit-McPhee","208,545,589"
Crash,https://www.imdb.com/title/tt0375679/,2004,7.8,66,433367,R,112 min,"Crime, Drama, Thriller            ","Los Angeles citizens with vastly separate lives collide in interweaving stories of race, loss and redemption.",Paul Haggis,"Don Cheadle, Sandra Bullock, Thandiwe Newton, Karina Arroyave","54,580,300"
Training Day,https://www.imdb.com/title/tt0139654/,2001,7.7,69,425117,R,122 min,"Action, Crime, Drama            ",A rookie cop spends his first day as a Los Angeles narcotics officer with a rogue detective who isn't what he appears to be.,Antoine Fuqua,"Denzel Washington, Ethan Hawke, Scott Glenn, Tom Berenger","76,631,907"
Sicario,https://www.imdb.com/title/tt3397884/,2015,7.6,82,417050,R,121 min,"Action, Crime, Drama            ",An idealistic FBI agent is enlisted by a government task force to aid in the escalating war against drugs at the border area between the U.S. and Mexico.,Denis Villeneuve,"Emily Blunt, Josh Brolin, Benicio Del Toro, Jon Bernthal","46,889,293"
In Bruges,https://www.imdb.com/title/tt0780536/,2008,7.9,67,414083,R,107 min,"Comedy, Crime, Drama            ","Guilt-stricken after a job gone wrong, hitman Ray and his partner await orders from their ruthless boss in Bruges, Belgium, the last place in the world Ray wants to be.",Martin McDonagh,"Colin Farrell, Brendan Gleeson, Ciarán Hinds, Elizabeth Berrington","7,757,130"
Saw,https://www.imdb.com/title/tt0387564/,2004,7.6,46,410570,R,103 min,"Horror, Mystery, Thriller            ","Two strangers awaken in a room with no recollection of how they got there, and soon discover they're pawns in a deadly game perpetrated by a notorious serial killer.",James Wan,"Cary Elwes, Leigh Whannell, Danny Glover, Ken Leung","56,000,369"
Room,https://www.imdb.com/title/tt3170832/,2015,8.1,86,409421,R,118 min,"Drama, Thriller            ","Held captive for 7 years in an enclosed space, a woman and her young son finally gain their freedom, allowing the boy to experience the outside world for the first time.",Lenny Abrahamson,"Brie Larson, Jacob Tremblay, Sean Bridgers, Wendy Crewson","14,677,674"
28 Days Later...,https://www.imdb.com/title/tt0289043/,2002,7.5,73,404682,R,113 min,"Drama, Horror, Sci-Fi            ","Four weeks after a mysterious, incurable virus spreads throughout the UK, a handful of survivors try to find sanctuary.",Danny Boyle,"Cillian Murphy, Naomie Harris, Christopher Eccleston, Alex Palmer","45,064,915"
Collateral,https://www.imdb.com/title/tt0369339/,2004,7.5,71,390205,R,120 min,"Action, Crime, Drama            ",A cab driver finds himself the hostage of an engaging contract killer as he makes his rounds from hit to hit during one night in Los Angeles.,Michael Mann,"Tom Cruise, Jamie Foxx, Jada Pinkett Smith, Mark Ruffalo","101,005,703"
The Lives of Others,https://www.imdb.com/title/tt0405094/,2006,8.4,89,383318,R,137 min,"Drama, Mystery, Thriller            ","In 1984 East Berlin, an agent of the secret police, conducting surveillance on a writer and his lover, finds himself becoming increasingly absorbed by their lives.",Florian Henckel von Donnersmarck,"Ulrich Mühe, Martina Gedeck, Sebastian Koch, Ulrich Tukur","11,286,112"
The Town,https://www.imdb.com/title/tt0840361/,2010,7.5,74,382561,R,125 min,"Crime, Drama, Thriller            ","A proficient group of thieves rob a bank and hold Claire, the assistant manager, hostage. Things begin to get complicated when one of the crew members falls in love with Claire.",Ben Affleck,"Ben Affleck, Rebecca Hall, Jon Hamm, Jeremy Renner","92,186,262"
The Machinist,https://www.imdb.com/title/tt0361862/,2004,7.7,61,382057,R,101 min,"Drama, Thriller            ",An industrial worker who hasn't slept in a year begins to doubt his own sanity.,Brad Anderson,"Christian Bale, Jennifer Jason Leigh, Aitana Sánchez-Gijón, John Sharian","1,082,715"
The Illusionist,https://www.imdb.com/title/tt0443543/,2006,7.6,68,368900,PG-13,110 min,"Drama, Fantasy, Mystery            ","In turn-of-the-century Vienna, a magician uses his abilities to secure the love of a woman far above his social standing.",Neil Burger,"Edward Norton, Jessica Biel, Paul Giamatti, Rufus Sewell","39,868,642"
Inside Man,https://www.imdb.com/title/tt0454848/,2006,7.6,76,366339,R,129 min,"Crime, Drama, Mystery            ","A police detective, a bank robber, and a high-power broker enter high-stakes negotiations after the criminal's brilliant heist spirals into a hostage situation.",Spike Lee,"Denzel Washington, Clive Owen, Jodie Foster, Christopher Plummer","88,513,495"
The Others,https://www.imdb.com/title/tt0230600/,2001,7.6,74,359246,PG-13,104 min,"Horror, Mystery, Thriller            ",A woman who lives in her darkened old family house with her two photosensitive children becomes convinced that the home is haunted.,Alejandro Amenábar,"Nicole Kidman, Christopher Eccleston, Fionnula Flanagan, Alakina Mann","96,522,687"
Man on Fire,https://www.imdb.com/title/tt0328107/,2004,7.7,47,356596,R,146 min,"Action, Crime, Drama            ","In Mexico City, a former CIA operative swears vengeance on those who committed an unspeakable act against the family he was hired to protect.",Tony Scott,"Denzel Washington, Christopher Walken, Dakota Fanning, Radha Mitchell","77,911,774"
Mulholland Drive,https://www.imdb.com/title/tt0166924/,2001,7.9,85,348031,R,147 min,"Drama, Mystery, Thriller            ","After a car wreck on the winding Mulholland Drive renders a woman amnesiac, she and a perky Hollywood-hopeful search for clues and answers across Los Angeles in a twisting venture beyond dreams and reality.",David Lynch,"Naomi Watts, Laura Harring, Justin Theroux, Jeanne Bates","7,220,243"
Mission: Impossible - Fallout,https://www.imdb.com/title/tt4912910/,2018,7.7,86,321187,PG-13,147 min,"Action, Adventure, Thriller            ","Ethan Hunt and his IMF team, along with some familiar allies, race against time after a mission gone wrong.",Christopher McQuarrie,"Tom Cruise, Henry Cavill, Ving Rhames, Simon Pegg","220,159,104"
Lucky Number Slevin,https://www.imdb.com/title/tt0425210/,2006,7.7,53,310679,R,110 min,"Crime, Drama, Thriller            ","A case of mistaken identity lands Slevin into the middle of a war being plotted by two of the city's most rival crime bosses. Under constant surveillance by Detective Brikowski and assassin Goodkat, he must get them before they get him.",Paul McGuigan,"Josh Hartnett, Ben Kingsley, Morgan Freeman, Lucy Liu","22,494,487"
Apocalypto,https://www.imdb.com/title/tt0472043/,2006,7.8,68,308010,R,139 min,"Action, Adventure, Drama            ","As the Mayan kingdom faces its decline, a young man is taken on a perilous journey to a world ruled by fear and oppression.",Mel Gibson,"Gerardo Taracena, Raoul Max Trujillo, Dalia Hernández, Rudy Youngblood","50,866,635"
Serenity,https://www.imdb.com/title/tt0379786/,2005,7.8,74,293870,PG-13,119 min,"Action, Adventure, Sci-Fi            ",The crew of the ship Serenity try to evade an assassin sent to recapture telepath River.,Joss Whedon,"Nathan Fillion, Gina Torres, Chiwetel Ejiofor, Alan Tudyk","25,514,517"
Nocturnal Animals,https://www.imdb.com/title/tt4550098/,2016,7.5,67,270411,R,116 min,"Drama, Thriller            ","A wealthy art gallery owner is haunted by her ex-husband's novel, a violent thriller she interprets as a symbolic revenge tale.",Tom Ford,"Amy Adams, Jake Gyllenhaal, Michael Shannon, Aaron Taylor-Johnson","10,639,114"
Gone Baby Gone,https://www.imdb.com/title/tt0452623/,2007,7.6,72,269167,R,114 min,"Crime, Drama, Mystery            ","Two Boston area detectives investigate a little girl's kidnapping, which ultimately turns into a crisis both professionally and personally.",Ben Affleck,"Morgan Freeman, Ed Harris, Casey Affleck, Michelle Monaghan","20,300,218"
Road to Perdition,https://www.imdb.com/title/tt0257044/,2002,7.7,72,263616,R,117 min,"Crime, Drama, Thriller            ","A mob enforcer's son in 1930s Illinois witnesses a murder, forcing him and his father to take to the road, and his father down a path of redemption and revenge.",Sam Mendes,"Tom Hanks, Tyler Hoechlin, Rob Maxey, Liam Aiken","104,454,762"
Changeling,https://www.imdb.com/title/tt0824747/,2008,7.8,63,252647,R,141 min,"Biography, Crime, Drama            ",Grief-stricken mother Christine Collins (Angelina Jolie) takes on the L.A.P.D. to her own detriment when it tries to pass off an obvious impostor as her missing child.,Clint Eastwood,"Angelina Jolie, Colm Feore, Amy Ryan, Gattlin Griffith","35,739,802"
End of Watch,https://www.imdb.com/title/tt1855199/,2012,7.6,68,244002,R,109 min,"Action, Adventure, Crime            ","Shot documentary-style, this film follows the daily grind of two young police officers in LA who are partners and friends, and what happens when they meet criminal forces greater than themselves.",David Ayer,"Jake Gyllenhaal, Michael Peña, Anna Kendrick, America Ferrera","41,003,371"
Wind River,https://www.imdb.com/title/tt5362988/,2017,7.7,73,243396,R,107 min,"Crime, Drama, Mystery            ",A veteran hunter helps an FBI agent investigate the murder of a young woman on a Wyoming Native American reservation.,Taylor Sheridan,"Elizabeth Olsen, Jeremy Renner, Graham Greene, Kelsey Asbille","33,800,859"
Eastern Promises,https://www.imdb.com/title/tt0765443/,2007,7.6,82,240040,R,100 min,"Crime, Drama, Thriller            ",A teenager who dies during childbirth leaves clues in her journal that could tie her child to a rape involving a violent Russian mob family.,David Cronenberg,"Naomi Watts, Viggo Mortensen, Armin Mueller-Stahl, Josef Altin","17,114,882"
Amores perros,https://www.imdb.com/title/tt0245712/,2000,8.1,83,237269,R,154 min,"Drama, Thriller            ","A horrific car accident connects three stories, each involving characters dealing with loss, regret, and life's harsh realities, all in the name of love.",Alejandro G. Iñárritu,"Emilio Echevarría, Gael García Bernal, Goya Toledo, Álvaro Guerrero","5,383,834"
21 Grams,https://www.imdb.com/title/tt0315733/,2003,7.7,70,234626,R,124 min,"Crime, Drama, Thriller            ","A freak accident brings together a critically ill mathematician, a grieving mother, and a born-again ex-con.",Alejandro G. Iñárritu,"Sean Penn, Benicio Del Toro, Naomi Watts, Danny Huston","16,290,476"
Hell or High Water,https://www.imdb.com/title/tt2582782/,2016,7.6,88,225353,R,102 min,"Action, Crime, Drama            ",A divorced father and his ex-con older brother resort to a desperate scheme in order to save their family's ranch in West Texas.,David Mackenzie,"Chris Pine, Ben Foster, Jeff Bridges, Gil Birmingham","26,862,450"
Kiss Kiss Bang Bang,https://www.imdb.com/title/tt0373469/,2005,7.5,72,225009,R,103 min,"Comedy, Crime, Mystery            ","After being mistaken for an actor, a New York thief is sent to Hollywood to train under a private eye for a potential movie role, but the duo are thrown together with a struggling actress into a murder mystery.",Shane Black,"Robert Downey Jr., Val Kilmer, Michelle Monaghan, Corbin Bernsen","4,243,756"
Munich,https://www.imdb.com/title/tt0408306/,2005,7.5,74,224619,R,164 min,"Action, Drama, History            ","After the Black September capture and massacre of Israeli athletes at the 1972 Olympics, five men are chosen to eliminate the people responsible for that fateful day.",Steven Spielberg,"Eric Bana, Daniel Craig, Marie-Josée Croze, Ciarán Hinds","47,403,685"
The Impossible,https://www.imdb.com/title/tt1649419/,2012,7.5,73,220033,PG-13,114 min,"Adventure, Drama, History            ",The story of a tourist family in Thailand caught in the destruction and chaotic aftermath of the 2004 Indian Ocean tsunami.,J.A. Bayona,"Naomi Watts, Ewan McGregor, Tom Holland, Oaklee Pendergast","19,019,882"
Coraline,https://www.imdb.com/title/tt0327597/,2009,7.7,80,219564,PG,100 min,"Animation, Drama, Family            ","An adventurous 11-year-old girl finds another world that is a strangely idealized version of her frustrating home, but it has sinister secrets.",Henry Selick,"Dakota Fanning, Teri Hatcher, John Hodgman, Jennifer Saunders","75,286,229"
Match Point,https://www.imdb.com/title/tt0416320/,2005,7.6,72,216021,R,124 min,"Drama, Romance, Thriller            ","At a turning point in his life, a former tennis pro falls for an actress who happens to be dating his friend and soon-to-be brother-in-law.",Woody Allen,"Scarlett Johansson, Jonathan Rhys Meyers, Emily Mortimer, Matthew Goode","23,089,926"
The Girl with the Dragon Tattoo,https://www.imdb.com/title/tt1132620/,2009,7.8,76,215692,R,152 min,"Crime, Drama, Mystery            ",A journalist is aided by a young female hacker in his search for the killer of a woman who has been dead for forty years.,Niels Arden Oplev,"Michael Nyqvist, Noomi Rapace, Ewa Fröling, Lena Endre","10,095,170"
Train to Busan,https://www.imdb.com/title/tt5700672/,2016,7.6,73,209018,Not Rated,118 min,"Action, Horror, Thriller            ","While a zombie virus breaks out in South Korea, passengers struggle to survive on the train from Seoul to Busan.",Sang-ho Yeon,"Gong Yoo, Yu-mi Jung, Ma Dong-seok, Su-an Kim","2,129,768"
The Secret in Their Eyes,https://www.imdb.com/title/tt1305806/,2009,8.2,80,206500,R,129 min,"Drama, Mystery, Romance            ",A retired legal counselor writes a novel hoping to find closure for one of his past unresolved homicide cases and for his unreciprocated love with his superior - both of which still haunt him decades later.,Juan José Campanella,"Ricardo Darín, Soledad Villamil, Pablo Rago, Carla Quevedo","6,391,436"
Traffic,https://www.imdb.com/title/tt0181865/,2000,7.6,86,205720,R,147 min,"Crime, Drama, Thriller            ","A conservative judge is appointed by the President to spearhead America's escalating war against drugs, only to discover that his teenage daughter is a crack addict. Two DEA agents protect an informant. A jailed drug baron's wife attempts to carry on the family business.",Steven Soderbergh,"Michael Douglas, Benicio Del Toro, Catherine Zeta-Jones, Jacob Vargas","124,115,725"
The Raid: Redemption,https://www.imdb.com/title/tt1899353/,2011,7.6,73,201972,R,101 min,"Action, Crime, Thriller            ",A S.W.A.T. team becomes trapped in a tenement run by a ruthless mobster and his army of killers and thugs.,Gareth Evans,"Iko Uwais, Ananda George, Ray Sahetapy, Donny Alamsyah","4,105,123"
Wild Tales,https://www.imdb.com/title/tt3011894/,2014,8.1,77,193812,R,122 min,"Comedy, Drama, Thriller            ",Six short stories that explore the extremities of human behavior involving people in distress.,Damián Szifron,"Darío Grandinetti, María Marull, Mónica Villa, Diego Starosta","3,107,072"
The Last King of Scotland,https://www.imdb.com/title/tt0455590/,2006,7.7,74,184546,R,123 min,"Biography, Drama, History            ",Based on the events of the brutal Ugandan dictator Idi Amin's regime as seen by his personal physician during the 1970s.,Kevin Macdonald,"James McAvoy, Forest Whitaker, Gillian Anderson, Kerry Washington","17,605,861"
Grindhouse,https://www.imdb.com/title/tt0462322/,2007,7.5,77,183629,R,191 min,"Action, Horror, Thriller            ",Quentin Tarantino and Robert Rodriguez's homage to exploitation double features in the '60s and '70s with two back-to-back cult films that include previews of coming attractions between them.,None,"Kurt Russell, Rose McGowan, Danny Trejo, Zoë Bell","25,037,897"
Battle Royale,https://www.imdb.com/title/tt0266308/,2000,7.6,81,180740,Not Rated,114 min,"Action, Adventure, Drama            ","In the future, the Japanese government captures a class of ninth-grade students and forces them to kill each other under the revolutionary ""Battle Royale"" act.",Kinji Fukasaku,"Tatsuya Fujiwara, Aki Maeda, Tarô Yamamoto, Chiaki Kuriyama",180740
Upgrade,https://www.imdb.com/title/tt6499752/,2018,7.5,67,180633,R,100 min,"Action, Sci-Fi, Thriller            ","Set in the near-future, technology controls nearly all aspects of life. But when the world of Grey, a self-labeled technophobe, is turned upside down, his only hope for revenge is an experimental computer chip implant.",Leigh Whannell,"Logan Marshall-Green, Melanie Vallejo, Steve Danielsen, Abby Craden","11,977,130"
Memories of Murder,https://www.imdb.com/title/tt0353969/,2003,8.1,82,173345,Not Rated,132 min,"Crime, Drama, Mystery            ","In a small Korean province in 1986, two detectives struggle with the case of multiple young women being found raped and murdered by an unknown culprit.",Bong Joon Ho,"Kang-ho Song, Kim Sang-kyung, Roe-ha Kim, Jae-ho Song","14,131"
Promising Young Woman,https://www.imdb.com/title/tt9620292/,2020,7.5,73,160650,R,113 min,"Crime, Drama, Mystery            ","A young woman, traumatized by a tragic event in her past, seeks out vengeance against those who crossed her path.",Emerald Fennell,"Carey Mulligan, Bo Burnham, Alison Brie, Clancy Brown",160650
Searching,https://www.imdb.com/title/tt7668870/,2018,7.6,71,159136,PG-13,102 min,"Drama, Mystery, Thriller            ","After his teenage daughter goes missing, a desperate father tries to find clues on her laptop.",Aneesh Chaganty,"John Cho, Debra Messing, Joseph Lee, Michelle La","26,020,957"
We Need to Talk About Kevin,https://www.imdb.com/title/tt1242460/,2011,7.5,68,151514,R,112 min,"Drama, Mystery, Thriller            ","Kevin's mother struggles to love her strange child, despite the increasingly dangerous things he says and does as he grows up. But Kevin is just getting started, and his final act will be beyond anything anyone imagined.",Lynne Ramsay,"Tilda Swinton, John C. Reilly, Ezra Miller, Jasper Newell","1,738,692"
The Skin I Live In,https://www.imdb.com/title/tt1189073/,2011,7.6,70,150179,R,120 min,"Drama, Horror, Thriller            ","A brilliant plastic surgeon, haunted by past tragedies, creates a type of synthetic skin that withstands any kind of damage. His guinea pig: a mysterious and volatile woman who holds the key to his obsession.",Pedro Almodóvar,"Antonio Banderas, Elena Anaya, Jan Cornet, Marisa Paredes","3,185,812"
The Handmaiden,https://www.imdb.com/title/tt4016934/,2016,8.1,84,138651,Not Rated,145 min,"Drama, Romance, Thriller            ","A woman is hired as a handmaiden to a Japanese heiress, but secretly she is involved in a plot to defraud her.",Park Chan-wook,"Kim Min-hee, Ha Jung-woo, Cho Jin-woong, Moon So-ri","2,006,788"
The Count of Monte Cristo,https://www.imdb.com/title/tt0245844/,2002,7.7,61,136546,PG-13,131 min,"Action, Adventure, Drama            ","A young man, falsely imprisoned by his jealous ""friend"", escapes and uses a hidden treasure to exact his revenge.",Kevin Reynolds,"Jim Caviezel, Guy Pearce, Christopher Adamson, JB Blanc","54,234,062"
I Saw the Devil,https://www.imdb.com/title/tt1588170/,2010,7.8,67,126227,Not Rated,144 min,"Action, Crime, Drama            ",A secret agent exacts revenge on a serial killer through a series of captures and releases.,Jee-woon Kim,"Lee Byung-hun, Choi Min-sik, Jeon Gook-hwan, Ho-jin Chun","128,392"
Infernal Affairs,https://www.imdb.com/title/tt0338564/,2002,8.0,75,123545,R,101 min,"Action, Crime, Drama            ","A story between a mole in the police department and an undercover cop. Their objectives are the same: to find out who is the mole, and who is the cop.",None,"Andy Lau, Tony Chiu-Wai Leung, Anthony Chau-Sang Wong, Eric Tsang","169,659"
The Raid 2,https://www.imdb.com/title/tt2265171/,2014,7.9,71,121727,R,150 min,"Action, Crime, Thriller            ","Only a short time after the first raid, Rama goes undercover with the thugs of Jakarta and plans to bring down the syndicate and uncover the corruption within his police force.",Gareth Evans,"Iko Uwais, Yayan Ruhian, Arifin Putra, Oka Antara","2,625,803"
The Life of David Gale,https://www.imdb.com/title/tt0289992/,2003,7.5,31,119305,R,130 min,"Crime, Drama, Thriller            ",A man against capital punishment is accused of murdering a fellow activist and is sent to death row.,Alan Parker,"Kevin Spacey, Kate Winslet, Laura Linney, Cleo King","19,593,740"
United 93,https://www.imdb.com/title/tt0475276/,2006,7.6,90,105698,R,111 min,"Action, Drama, History            ","A real-time account of the events on United Flight 93, one of the planes hijacked on September 11th, 2001 that crashed near Shanksville, Pennsylvania when passengers foiled the terrorist plot.",Paul Greengrass,"David Alan Basche, Olivia Thirlby, Liza Colón-Zayas, J.J. Johnson","31,567,134"
Elite Squad,https://www.imdb.com/title/tt0861739/,2007,8.0,33,102932,R,115 min,"Action, Crime, Drama            ","In 1997 Rio de Janeiro, Captain Nascimento has to find a substitute for his position while trying to take down drug dealers and criminals before the Pope visits.",José Padilha,"Wagner Moura, André Ramiro, Caio Junqueira, Milhem Cortaz","8,060"
Headhunters,https://www.imdb.com/title/tt1614989/,2011,7.5,72,101514,R,100 min,"Action, Crime, Thriller            ",An accomplished headhunter risks everything to obtain a valuable painting owned by a former mercenary.,Morten Tyldum,"Aksel Hennie, Synnøve Macody Lund, Nikolaj Coster-Waldau, Julie R. Ølgaard","1,196,752"
The Experiment,https://www.imdb.com/title/tt0250258/,2001,7.7,60,93461,R,120 min,"Drama, Thriller            ","For two weeks, 20 male participants are hired to play prisoners and guards in a prison. The ""prisoners"" have to follow seemingly mild rules, and the ""guards"" are told to retain order without using physical violence.",Oliver Hirschbiegel,"Moritz Bleibtreu, Christian Berkel, Oliver Stokowski, Wotan Wilke Möhring","141,072"
Elite Squad 2: The Enemy Within,https://www.imdb.com/title/tt1555149/,2010,8.0,71,82480,Not Rated,115 min,"Action, Crime, Drama            ","After a prison riot, former-Captain Nascimento, now a high ranking security officer in Rio de Janeiro, is swept into a bloody political dispute that involves government officials and paramilitary groups.",José Padilha,"Wagner Moura, Irandhir Santos, André Ramiro, Milhem Cortaz","100,119"
Paprika,https://www.imdb.com/title/tt0851578/,2006,7.7,81,80874,R,90 min,"Animation, Drama, Fantasy            ","When a machine that allows therapists to enter their patients' dreams is stolen, all hell breaks loose. Only a young female therapist, Paprika, can stop it.",Satoshi Kon,"Megumi Hayashibara, Tôru Emori, Katsunosuke Hori, Tôru Furuya","881,302"
Lady Vengeance,https://www.imdb.com/title/tt0451094/,2005,7.5,75,77942,R,115 min,"Crime, Drama, Thriller            ","After being wrongfully imprisoned for thirteen years and having her child taken away from her, a woman seeks revenge through increasingly brutal means.",Park Chan-wook,"Nam-mi Kang, Jeong-nam Choi, Hye-Sook Go, Bok-hwa Baek","211,667"
Black Book,https://www.imdb.com/title/tt0389557/,2006,7.7,71,76390,R,145 min,"Drama, Thriller, War            ","In the Nazi-occupied Netherlands during World War II, a Jewish singer infiltrates the regional Gestapo headquarters for the Dutch resistance.",Paul Verhoeven,"Carice van Houten, Sebastian Koch, Thom Hoffman, Halina Reijn","4,398,392"
Disconnect,https://www.imdb.com/title/tt1433811/,2012,7.5,64,75307,R,115 min,"Drama, Thriller            ",A drama centered on a group of people searching for human connections in today's wired world.,Henry Alex Rubin,"Jason Bateman, Jonah Bobo, Haley Ramm, Hope Davis","7,435,950"
The Northman,https://www.imdb.com/title/tt11138512/,2022,7.5,82,73534,R,137 min,"Action, Adventure, Drama            ","From visionary director Robert Eggers comes The Northman, an action-filled epic that follows a young Viking prince on his quest to avenge his father's murder.",Robert Eggers,"Alexander Skarsgård, Nicole Kidman, Claes Bang, Ethan Hawke",73534
The White Ribbon,https://www.imdb.com/title/tt1149362/,2009,7.8,82,72946,R,144 min,"Drama, Mystery, Thriller            ","Strange events happen in a small village in the north of Germany during the years before World War I, which seem to be ritual punishment. Who is responsible?",Michael Haneke,"Christian Friedel, Ernst Jacobi, Leonie Benesch, Ulrich Tukur","2,222,647"
Hunger,https://www.imdb.com/title/tt0986233/,2008,7.5,82,69859,Not Rated,96 min,"Biography, Crime, Drama            ",Irish republican Bobby Sands leads the inmates of a Northern Irish prison in a hunger strike.,Steve McQueen,"Stuart Graham, Laine Megaw, Brian Milligan, Liam McMahon","154,084"
Sympathy for Mr. Vengeance,https://www.imdb.com/title/tt0310775/,2002,7.5,56,67997,R,129 min,"Crime, Drama, Thriller            ","A recently laid off factory worker kidnaps his former boss' friend's daughter, hoping to use the ransom money to pay for his sister's kidney transplant.",Park Chan-wook,"Kang-ho Song, Shin Ha-kyun, Bae Doona, Ji-Eun Lim","45,289"
The Chaser,https://www.imdb.com/title/tt1190539/,2008,7.8,64,64954,Not Rated,125 min,"Action, Crime, Drama            ",A disgraced ex-policeman who runs a small ring of prostitutes finds himself in a race against time when one of his women goes missing.,Na Hong-jin,"Kim Yoon-seok, Ha Jung-woo, Yeong-hie Seo, Kim Yoo-jeong",64954
Mother,https://www.imdb.com/title/tt1216496/,2009,7.8,79,62174,R,129 min,"Crime, Drama, Mystery            ",A mother desperately searches for the killer who framed her son for a girl's horrific murder.,Bong Joon Ho,"Hye-ja Kim, Won Bin, Jin Goo, Je-mun Yun","547,292"
Burning,https://www.imdb.com/title/tt7282468/,2018,7.5,90,62092,Not Rated,148 min,"Drama, Mystery, Thriller            ","Jong-su bumps into a girl who used to live in the same neighborhood, who asks him to look after her cat while she's on a trip to Africa. When back, she introduces Ben, a mysterious guy she met there, who confesses his secret hobby.",Lee Chang-dong,"Yoo Ah-in, Steven Yeun, Jeon Jong-seo, Kim Soo-Kyung","718,991"
Hotel Mumbai,https://www.imdb.com/title/tt5461944/,2018,7.6,62,61755,R,123 min,"Action, Drama, History            ",The true story of the Taj Hotel terrorist attack in Mumbai. Hotel staff risk their lives to keep everyone safe as people make unthinkable sacrifices to protect themselves and their families.,Anthony Maras,"Dev Patel, Armie Hammer, Nazanin Boniadi, Anupam Kher","9,651,611"
Victoria,https://www.imdb.com/title/tt4226388/,2015,7.6,77,58061,Not Rated,138 min,"Crime, Drama, Romance            ",A young Spanish woman who has recently moved to Berlin finds her flirtation with a local guy turn potentially deadly as their night out with his friends reveals a dangerous secret.,Sebastian Schipper,"Laia Costa, Frederick Lau, Franz Rogowski, Burak Yigit",58061
The Guilty,https://www.imdb.com/title/tt6742252/,2018,7.5,83,57372,R,85 min,"Crime, Drama, Thriller            ",A police officer assigned alarm dispatch duty enters a race against time when he answers an emergency call from a kidnapped woman.,Gustav Möller,"Jakob Cedergren, Jessica Dinnage, Omar Shargawi, Johan Gotthardt Olsen","207,140"
Tell No One,https://www.imdb.com/title/tt0362225/,2006,7.5,82,54278,Not Rated,131 min,"Crime, Drama, Mystery            ","An accidental discovery near a doctor's estate stirs up some painful memories eight years after his wife's hideous murder, and now, things are bound to take a turn for the unexpected. Does the good doctor know more than he's letting on?",Guillaume Canet,"François Cluzet, Marie-Josée Croze, André Dussollier, Kristin Scott Thomas","6,177,192"
Dead Man's Shoes,https://www.imdb.com/title/tt0419677/,2004,7.6,52,53211,Not Rated,90 min,"Crime, Drama, Thriller            ",A disaffected soldier returns to his hometown to get even with the thugs who brutalized his mentally-challenged brother years ago.,Shane Meadows,"Paddy Considine, Gary Stretch, Toby Kebbell, Stuart Wolfenden","6,013"
Nine Queens,https://www.imdb.com/title/tt0247586/,2000,7.9,80,52476,R,114 min,"Crime, Drama, Thriller            ","Two con artists try to swindle a stamp collector by selling him a sheet of counterfeit rare stamps (the ""nine queens"").",Fabián Bielinsky,"Ricardo Darín, Gastón Pauls, Graciela Tenenbaum, María Mercedes Villagra","1,221,261"
The Blind Swordsman: Zatoichi,https://www.imdb.com/title/tt0363226/,2003,7.5,75,49355,R,116 min,"Action, Comedy, Crime            ","The blind masseur/swordsman comes to a town in control of warring gangs, and while bunking with a farming family, he meets two women with their own agenda.",Takeshi Kitano,"Takeshi Kitano, Tadanobu Asano, Yui Natsukawa, Michiyo Yasuda","853,718"
"Lust, Caution",https://www.imdb.com/title/tt0808357/,2007,7.5,61,41155,NC-17,157 min,"Drama, History, Romance            ","During World War II era, a young woman, Wang Jiazhi, gets swept up in a dangerous game of emotional intrigue with a powerful political figure, Mr. Yee.",Ang Lee,"Tony Chiu-Wai Leung, Tang Wei, Joan Chen, Leehom Wang","4,604,982"
Mesrine: Killer Instinct,https://www.imdb.com/title/tt1259014/,2008,7.5,71,33556,R,113 min,"Action, Biography, Crime            ","The story of the notorious French gangster Jacques Mesrine, with the focus on his life before the early 1970s and the events that led to him being declared Public Enemy No. 1 in France.",Jean-François Richet,"Vincent Cassel, Cécile de France, Gérard Depardieu, Gilles Lellouche","551,660"
Sin Nombre,https://www.imdb.com/title/tt1127715/,2009,7.5,77,32645,R,96 min,"Adventure, Crime, Drama            ",A young Honduran girl and a Mexican gangster are united in a journey across the American border.,Cary Joji Fukunaga,"Paulina Gaitan, Marco Antonio Aguirre, Leonardo Alonso, Karla Cecilia Alvarado","2,534,351"
Joint Security Area,https://www.imdb.com/title/tt0260991/,2000,7.8,58,29604,Not Rated,110 min,"Action, Drama, Thriller            ","After a shooting incident at the North/South Korean border/DMZ leaves 2 North Korean soldiers dead, a neutral Swiss/Swedish team investigates, what actually happened.",Park Chan-wook,"Lee Yeong-ae, Lee Byung-hun, Kang-ho Song, Kim Tae-Woo",29604
Sophie Scholl: The Final Days,https://www.imdb.com/title/tt0426578/,2005,7.6,76,27569,Not Rated,120 min,"Biography, Crime, Drama            ","A dramatization of the final days of Sophie Scholl, one of the most famous members of the German World War II anti-Nazi resistance movement, The White Rose.",Marc Rothemund,"Julia Jentsch, Fabian Hinrichs, Alexander Held, Johanna Gastdorf","676,167"
Control,https://www.imdb.com/title/tt0373981/,2003,7.6,72,25499,R,111 min,"Comedy, Crime, Drama            ","A tale about a strange young man, Bulcsú, the fellow inspectors on his team, all without exception likable characters, a rival ticket inspection team and racing along the tracks - and a tale about love.",Nimród Antal,"Sándor Csányi, Eszter Balla, Zoltán Mucsi, Csaba Pindroch","237,183"
Les Misérables,https://www.imdb.com/title/tt10199590/,2019,7.6,78,24298,R,104 min,"Crime, Drama, Thriller            ","A cop from the provinces moves to Paris to join the Anti-Crime Brigade of Montfermeil, discovering an underworld where the tensions between the different groups mark the rhythm.",Ladj Ly,"Damien Bonnard, Alexis Manenti, Djebril Zonga, Issa Perica",24298
New World,https://www.imdb.com/title/tt2625030/,2013,7.6,58,23151,Not Rated,135 min,"Action, Crime, Drama            ",An undercover cop finds it difficult to play both a cop and a goon.,Park Hoon-jung,"Lee Jung-jae, Choi Min-sik, Jung-min Hwang, Park Sung-woong","457,806"
Never Look Away,https://www.imdb.com/title/tt5311542/,2018,7.7,68,20532,R,189 min,"Biography, Drama, Romance            ","German artist Kurt Barnert has escaped East Germany and now lives in West Germany, but is tormented by his childhood under the Nazis and the GDR-regime.",Florian Henckel von Donnersmarck,"Tom Schilling, Sebastian Koch, Paula Beer, Saskia Rosendahl","1,304,042"
The Unbearable Weight of Massive Talent,https://www.imdb.com/title/tt11291274/,2022,7.5,67,19008,R,107 min,"Action, Comedy, Crime            ","In this action-packed comedy, Nicolas Cage plays Nick Cage, channeling his iconic characters as he's caught between a superfan (Pedro Pascal) and a CIA agent (Tiffany Haddish).",Tom Gormican,"Nicolas Cage, Pedro Pascal, Tiffany Haddish, Sharon Horgan",19008
Boiling Point,https://www.imdb.com/title/tt11127680/,2021,7.5,73,17196,R,92 min,"Drama, Thriller            ",Enter the relentless pressure of a restaurant kitchen as a head chef wrangles his team on the busiest day of the year.,Philip Barantini,"Stephen Graham, Vinette Robinson, Alice Feetham, Ray Panthaki",17196
The Insult,https://www.imdb.com/title/tt7048622/,2017,7.6,72,16741,R,113 min,"Crime, Drama, Thriller            ","After an emotional exchange between a Lebanese Christian and a Palestinian refugee escalates, the men end up in a court case that gets national attention.",Ziad Doueiri,"Adel Karam, Kamel El Basha, Camille Salameh, Diamand Bou Abboud","1,001,305"
Revanche,https://www.imdb.com/title/tt1173745/,2008,7.5,84,14666,Not Rated,121 min,"Crime, Drama, Romance            ",Ex-con Alex plans to flee to the South with his girl after a robbery. But something terrible happens and revenge seems inevitable.,Götz Spielmann,"Johannes Krisch, Irina Potapenko, Andreas Lust, Ursula Strauss",14666
12,https://www.imdb.com/title/tt0488478/,2007,7.6,72,14635,PG-13,159 min,"Crime, Drama, Thriller            ",Twelve jurors must decide the fate of a Chechen adolescent charged with murdering his stepfather.,Nikita Mikhalkov,"Sergey Makovetskiy, Sergey Garmash, Apti Magamaev, Nikita Mikhalkov","125,120"
Omar,https://www.imdb.com/title/tt2852406/,2013,7.5,75,14244,Not Rated,98 min,"Crime, Drama, Romance            ",A young Palestinian freedom fighter agrees to work as an informant after he's tricked into an admission of guilt by association in the wake of an Israeli soldier's killing.,Hany Abu-Assad,"Adam Bakri, Leem Lubany, Eyad Hourani, Samer Bisharat","356,000"
The Fool,https://www.imdb.com/title/tt3560686/,2014,8.0,83,14060,None,116 min,"Crime, Drama, Thriller            ","Dima Nikitin is an ordinary honest plumber who suddenly decides to face the corrupt system of local politics in order to save the lives of 800 inhabitants of an old dormitory, which is about to collapse.",Yuriy Bykov,"Artyom Bystrov, Natalya Surkova, Yuriy Tsurilo, Boris Nevzorov",14060
It's Such a Beautiful Day,https://www.imdb.com/title/tt2396224/,2012,8.2,90,13386,Not Rated,62 min,"Animation, Comedy, Drama            ","Bill struggles to put together his shattered psyche, in this new feature film version of Don Hertzfeldt's animated short film trilogy.",Don Hertzfeldt,None,13386
Fireworks Wednesday,https://www.imdb.com/title/tt0845439/,2006,7.7,84,12156,Not Rated,102 min,"Drama, Mystery, Romance            ","On the last Wednesday before the spring solstice ushers in the Persian New Year, people set off fireworks following an ancient Zoroastrian tradition. Rouhi, spending her first day at a new job, finds herself in the midst of a different kind of fireworks -- a domestic dispute between her new boss and his wife.",Asghar Farhadi,"Hamid Farokhnezhad, Hediyeh Tehrani, Taraneh Alidoosti, Pantea Bahram",12156
Balloon,https://www.imdb.com/title/tt7125774/,2018,7.5,53,11302,PG-13,125 min,"Drama, History, Thriller            ","East Germany, 1979. After initially failing to flee from the East to the West in a self-built hot-air balloon, two families struggle to make a second attempt, while the East German State Police are chasing them.",Michael Herbig,"Friedrich Mücke, Karoline Schuch, David Kross, Alicia von Rittberg","6,033"
